{"cameraMode":{"drawMode":0,"name":"Shaded","section":"Shading Mode"},"sceneLighting":true,"audioPlay":false,"sceneViewState":{"m_AlwaysRefresh":false,"showFog":true,"showSkybox":true,"showFlares":true,"showImageEffects":true,"showParticleSystems":true,"showVisualEffectGraphs":true,"m_FxEnabled":true},"in2DMode":false,"pivot":{"x":3.5350399017333986,"y":0.905702531337738,"z":0.36282867193222048},"rotation":{"x":-0.24145732820034028,"y":0.34356722235679629,"z":-0.09187907725572586,"w":-0.9029001593589783},"size":2.2617194652557375,"orthographic":false}